it,mean_B,ppm,iron_kg,cost,J,w,kappa,f,c,modes,ok,dt
0,0.2274862515964887,581519.1669376229,352.920294242845,705.84058848569,205.37695738491624,1000.0,0.1,0.20531388166333292,0.06307572158331688,0.4530720302565447,False,7.354884147644043
1,0.16570322235620327,594779.6567473885,244.6226950297155,489.245390059431,12.236993332463022,1500.0,0.15000000000000002,0.008128848741457095,0.04372022027738006,0.08757742583873283,False,62.60823702812195
2,0.1556357710332954,495987.40352027974,186.86828085502412,373.73656171004825,10.089536119578202,2250.0,0.0022674816,0.004469394695042898,0.03339805573168318,0.0664873845632151,False,178.69428896903992
4,0.1584714563768136,190857.6545243071,217.18486627974505,434.3697325594901,2.570845098239173,5062.5,0.00162,0.0005001538187002507,0.03881639106915382,0.020346365541639058,False,87.8812608718872
5,0.1591664798988756,61417.90023711957,218.63185647653017,437.26371295306035,0.2856320773605229,7593.75,0.00243,3.2468421108973574e-05,0.03907500456425479,0.003406288270823356,False,18.315440893173218
6,0.15910102867994483,62123.16648755127,218.14739045713205,436.2947809142641,0.2802706535703501,11390.625,0.003645,2.11825281977995e-05,0.038988418317290184,0.000779281084834912,False,25.10417675971985
7,0.1590124266966983,61818.20105297321,218.01315879174513,436.02631758349025,0.39811498846056165,17085.9375,0.0054675,2.102024315104982e-05,0.03896442774692138,0.0002831138991097744,False,15.718136072158813
8,0.15903174217158883,61070.10586614821,218.1370113577547,436.2740227155094,0.5432743364083006,25628.90625,0.00492075,1.9676523382529508e-05,0.03898656331151893,0.0003478537741543534,False,23.632593154907227
9,0.15901980170691932,60945.10787623496,218.41354992675429,436.82709985350857,0.7642443094887026,38443.359375,0.007381125,1.886433271125992e-05,0.03903598770016932,4.5540566698783577e-05,False,17.684874057769775
10,0.15904266874718048,60536.90493522596,218.7575333360247,437.5150666720494,1.065090060844382,57665.0390625,0.0066430125,1.7792281273865817e-05,0.03909746617592252,0.0004873332303152701,False,24.298743963241577
11,0.15904959756366804,60413.87601924343,219.1294999864694,438.2589999729388,1.4975596616902902,86497.55859375,0.00996451875,1.686054195564179e-05,0.03916394595978438,0.0005602562090749234,False,15.793376684188843
12,0.15897459383871415,60276.91836036537,219.4785925678072,438.9571851356144,2.1216279660445583,129746.337890625,0.014946778125,1.6049791171964184e-05,0.03922633757292327,0.0004928672049591061,False,15.846760272979736
13,0.1590162726937605,59852.24449058425,219.78079927374142,439.56159854748284,3.0919097995258054,194619.5068359375,0.008071260187499998,1.56851155346763e-05,0.03928034950240161,9.533320743128043e-06,False,23.081303119659424
14,0.15905704350969418,58844.7133833971,220.585360293124,441.170720586248,4.268115204413083,291929.26025390625,0.0043584805012499995,1.4485327904331483e-05,0.03942414476632725,0.0007086711333864604,False,29.484405994415283
15,0.15901997179259322,58833.43715536595,220.80591520463128,441.61183040926255,6.094066096854652,437893.8903808594,0.006537720751874999,1.3826643089538232e-05,0.03946356346913071,6.54349800295714e-05,False,17.9785258769989
16,0.15903887594876898,57588.75201237284,221.8651409379572,443.7302818759144,8.215503643516294,656840.8355712891,0.009806581127812498,1.2447232764831021e-05,0.039652873714358994,0.0005329629955022223,False,17.67684006690979
17,0.15902952003599938,57186.81524729902,221.82289323835144,443.6457864767029,12.074661775398832,985261.2533569336,0.0019063993712467493,1.221505099424594e-05,0.0396453229892198,0.0001134004501308584,False,22.478522777557373
18,0.15902950888012135,56977.5066360699,221.9199575127178,443.8399150254356,17.92189132321411,1477891.8800354004,0.002859599056870124,1.2099821978839591e-05,0.03966267081320582,0.00017572163148189745,False,15.834532976150513
19,0.15902092463808343,56780.87033881611,222.10431570388135,444.2086314077627,26.338823602976266,2216837.8200531006,0.004289398585305186,1.186335226908636e-05,0.039695620252858714,0.00014349242541792482,False,17.46680784225464
