it,F,F_smooth,N_green,N_smooth,blob_mean,cost,cost_fe,cost_f,iron_kg,ferrite_kg,demag_frac,residual,J,kappa,width,moved_fe_kg,moved_f_kg,dt,elapsed_s,solves,tries
0,inf,0.14245580848904488,0,20071.44788959007,0.07116373868383179,2859.2943366572867,727.9600096399685,131.3343270173182,363.98000481998423,43.778109005772734,0.11105463463437254,0.002628827409814377,-1.932885073631125,0.1,293.5368398424124,0.0,0.0,48.3019859790802,48.59516787528992,1,0
1,inf,0.1380605113968806,0,20736.436996993936,0.07573631734120467,2862.883096354178,717.006622390906,145.87647396327222,358.503311195453,48.62549132109074,0.0346667669076382,0.002843562164306729,-1.9521513173032397,0.09,293.5368398424124,14.999951973941736,5.724197044380268,184.80208706855774,238.37199592590332,4,3
2,inf,0.13953722748787623,0,20609.6993455572,0.07946130382745606,2875.820306037749,716.4000793011244,159.4202267366247,358.2000396505622,53.1400755788749,0.0360603522453993,0.002806051069757745,-1.918499485451553,0.081,278.31686779255284,14.9999961395155,4.628419142971692,209.36398100852966,451.10286378860474,9,6
3,inf,0.14261840383668495,0,20261.456077470742,0.08129940007351887,2889.6565251759766,718.6895243698383,170.96700080613851,359.34476218491915,56.98900026871284,0.03488087834917415,0.0028161142711571885,-1.8967896299267664,0.1215,265.9033136424404,14.999998298557884,4.042624040458405,120.72825288772583,576.1702969074249,11,8
4,2905.00695210721,0.14414456152248775,1,20153.427374740077,0.08271985178634687,2905.00695210721,721.0921842248501,183.9147678823598,360.5460921124251,61.304922627453266,0.035420930619634854,0.00280677417699407,-1.8959068192363442,0.10934999999999999,259.7809263097632,14.999986761047456,4.333263712612279,134.72440218925476,714.2101979255676,14,11
5,inf,0.14647514282311994,0,19939.99085740634,0.0830322364262537,2920.7130087302994,725.9057483251108,194.80726040518886,362.9528741625554,64.93575346839629,0.045309579999390635,0.0027628429240184604,-1.8940008503148342,0.16402499999999998,255.0473873323377,14.999999261465033,3.8460748834660703,114.38990211486816,831.3459849357605,16,13
6,2927.178440991584,0.13797466894258203,1,21215.3322303656,0.0899554052472896,2927.178440991584,714.3473888325599,212.83105215902404,357.17369441627994,70.94368405300801,0.03682247954182751,0.002729490662168807,-1.9414112616295796,0.17487054644152522,254.0027572866927,14.999992792205102,7.864159636724433,107.4054651260376,943.2667758464813,18,15
7,2935.51840310425,0.1447887329678669,1,20274.49472712585,0.09223096750440286,2935.51840310425,710.7334067948547,224.7849963093954,355.36670339742733,74.92833210313181,0.03168464695240018,0.002701293904658772,-1.8994010968285273,0.10552290715277196,230.9342395066215,14.531145706845258,4.803482858635088,157.60026717185974,1104.9506239891052,21,18
8,2942.116025002686,0.1433121251699644,1,20529.428487041234,0.09566596150932005,2942.116025002686,699.9646586436094,242.1513663590767,349.9823293218047,80.71712211969223,0.022038246092237174,0.0026486443125014886,-1.904802036588395,0.03353644935786723,223.35087529661172,14.999986546486742,5.789338902893664,209.2888901233673,1317.3141157627106,26,23
9,2946.970054893177,0.1459888558660328,1,20186.267214789837,0.09759443599641825,2946.970054893177,687.1679810897937,259.80207380338345,343.58399054489684,86.60069126779449,0.02484250654921332,0.0026055899150455725,-1.8840028319230646,0.030182804422080507,211.90275350268723,14.999978814399457,5.900695779514762,109.57144975662231,1430.173887014389,29,26
10,2951.110625524,0.14883053759516607,1,19828.663345632172,0.09803654833048012,2951.110625524,674.222919194447,276.8877063295531,337.1114595972235,92.29590210985104,0.024966896512422385,0.002578217763534549,-1.868550376580989,0.027164523979872457,205.47433750279768,14.999989369454273,5.718650764887479,115.48396492004395,1549.472217798233,32,29
12,2950.7382709151975,0.14974143729775002,1,19705.555951408878,0.09798045284230562,2950.7382709151975,673.0418932042774,277.69637771092016,336.5209466021387,92.56545923697338,0.025127673013245554,0.002577717258748752,-1.8634113857418575,0.003841526988101004,203.99877723003422,0.9847997607825578,0.3068257937144014,410.32820415496826,2799.3194029331207,89,48
13,2950.504596865041,0.14969074578862596,1,19710.668026408024,0.09793930935929826,2950.504596865041,671.422425984236,279.0821708808051,335.711212992118,93.0273902936017,0.025215088512015062,0.002576159329161165,-1.864337887959187,0.0034573742892909033,204.18559753932175,1.3812901250227672,0.46824264326162396,161.93029832839966,2964.582342863083,98,51
14,2950.1755796694397,0.1496570125518104,1,19712.91240795085,0.09790275036943669,2950.1755796694397,670.1152207547283,280.0603589147117,335.05761037736414,93.35345297157056,0.024406805640905724,0.0025751277673643214,-1.8650658346133064,0.003111636860361813,204.32250175160334,1.0622472329176134,0.3372012668423148,182.70125675201416,3150.0476779937744,107,54
15,2949.779277038649,0.149572421420356,1,19721.411534474228,0.09789816996934872,2949.779277038649,668.9380501052101,280.8412269334389,334.46902505260505,93.61374231114631,0.02446759959891916,0.0025739929850862597,-1.8657984690159826,0.001680283904595379,204.44418819526757,0.8679715168431166,0.26175186532684547,200.18324398994446,3353.456175804138,119,58
16,2949.5100587302018,0.1495584506508598,1,19721.453691812803,0.09789090519702386,2949.5100587302018,667.5135792224245,281.9964795077772,333.75678961121224,93.99882650259241,0.023989762788797026,0.0025724305783888374,-1.8660158758112215,0.0025204258568930684,204.4593343949654,1.1696770708753905,0.38720764012242975,105.66658020019531,3462.4423418045044,125,60
17,2949.1448971402606,0.1495284451074799,1,19722.969064651465,0.09788774325860602,2949.1448971402606,666.3338999633337,282.810997176927,333.16694998166685,94.270332392309,0.024073187239197064,0.0025713116892911864,-1.8663719264354872,0.0022683832712037614,204.48338024312883,0.9156577893900673,0.2758823390119769,152.46777415275574,3619.0315997600555,134,63
18,2948.9337199104684,0.14951018514632963,1,19723.965407602616,0.09788601413357478,2948.9337199104684,664.9246815346297,284.0090383758385,332.46234076731486,94.66967945861283,0.024173473146326487,0.0025697568796414494,-1.866590976175467,0.003402574906805642,204.49380342557052,1.2421510884934044,0.4056950260411876,120.6081051826477,3743.1052417755127,140,65
19,2948.9381669481554,0.14947498538636456,1,19728.63994149729,0.097900587789095,2948.9381669481554,663.1839022557217,285.7542646924334,331.59195112786085,95.25142156414448,0.023962235122843553,0.002567551689138192,-1.8667226673793278,0.005103862360208463,204.49940991489316,1.7686339992734659,0.5907145639675158,123.86571407318115,3869.9468817710876,146,67
20,2948.798858850345,0.14939274053449722,1,19738.56860982759,0.09795565153641582,2948.798858850345,661.6669574287556,287.1319014215891,330.8334787143778,95.71063380719636,0.023883725547545996,0.0025654746305982246,-1.8667860561911032,0.0027560856745125696,204.45064219051392,1.3696532606126461,0.45955185210156346,195.38668704032898,4068.7025339603424,158,71
21,2948.9307387219505,0.14932832507939664,1,19747.966349679664,0.09805039343986763,2948.9307387219505,659.7686898924809,289.16204882946994,329.88434494624045,96.38734960982332,0.026245297161747193,0.0025624683875192095,-1.866244283130745,0.004134128511768855,204.26700388467634,1.974701013572606,0.6771984902498142,111.61069226264954,4183.770924806595,164,73
22,2948.8314397757836,0.14931023467455812,1,19749.693959045482,0.09815535188372988,2948.8314397757836,658.06768630036,290.7637534754234,329.03384315018,96.92125115847448,0.02626561272736468,0.0025597977073161943,-1.8652803173868138,0.0022324293963551815,203.9510940381325,1.5416154277214997,0.5339015486511781,191.31807112693787,4378.838071107864,176,77
23,2949.016591855654,0.1492252194493022,1,19762.18632975476,0.09831521125873671,2949.016591855654,655.8661423116279,293.15044954402634,327.93307115581393,97.71681651467544,0.02620758238084872,0.0025560164889207454,-1.863994653946208,0.0033486440945327722,203.60118479575743,2.250561226839923,0.7955678165120162,120.12636494636536,4502.145385980606,182,79
24,2948.9895745661597,0.14931487127906407,1,19750.139750344126,0.09843064858262798,2948.9895745661597,654.1211214361902,294.86845312996985,327.0605607180951,98.28948437665662,0.02563627632767361,0.002553269424071275,-1.86203420654754,0.003013779685079495,203.06827818724798,1.669010454703921,0.5727617429515471,193.37106132507324,4698.868548870087,191,82
25,2948.544512175338,0.1494852344755691,1,19724.653893205945,0.09844448506567084,2948.544512175338,653.1881157953235,295.35639638001425,326.59405789766174,98.45213212667142,0.025833355493879974,0.0025525858749683022,-1.860801928375046,0.0027124017165715457,202.68345700179125,0.7361362475143014,0.18578292731924934,160.69015407562256,4863.075078964233,200,85
26,2948.0245447005364,0.1495432544145523,1,19713.52406527311,0.09841132337654246,2948.0245447005364,652.4801805754738,295.54436412506277,326.2400902877369,98.5147880416876,0.025732283068096145,0.002552693519152091,-1.8607006424786556,0.004068602574857319,202.63729919289725,0.6920702993784921,0.1796429473000216,88.99304294586182,4955.4304320812225,206,87
27,2947.6130456077444,0.149338277447312,1,19737.826738008887,0.09847733568113146,2947.6130456077444,651.3110621584698,296.3019834492746,325.6555310792349,98.76732781642487,0.025667057584940884,0.0025512898759627173,-1.861385773157147,0.0007909363405522627,202.74778389798973,0.8543052996224495,0.2525397747372597,192.76598286628723,5151.882308959961,224,93
28,2947.3363944032,0.1493557283209335,1,19733.66825321895,0.09852910162797053,2947.3363944032,650.4542896482025,296.8821047549973,325.22714482410123,98.9607015849991,0.025743998831028975,0.00255020271580024,-1.8607044689252448,0.0004271056238982219,202.5277392821285,0.6332340780486225,0.19337376857423696,162.57201099395752,5317.819847822189,236,97
29,2946.9739415793724,0.14929952096888335,1,19738.669772380406,0.09860404637093774,2946.9739415793724,649.2243477137806,297.7495938655917,324.6121738568903,99.2498646218639,0.025862149118111098,0.0025486446664207407,-1.860204232288616,0.0006406584358473328,202.3551845983091,0.9254122219362301,0.2891630368648128,92.9330039024353,5413.890229940414,242,99
30,2946.5204905582723,0.14933757068915615,1,19730.604140410247,0.09864965851909957,2946.5204905582723,648.1694072758637,298.3510832824085,324.08470363793185,99.45036109413617,0.025928971273641042,0.0025477536414028334,-1.859411513043223,0.0009609876537709993,202.10536709706284,0.7475261266705905,0.2004988185551055,98.04211711883545,5515.390726804733,248,101
31,2946.018494562014,0.14934068990455812,1,19726.830620943158,0.09868212708852538,2946.018494562014,647.2320644508646,298.78643011114957,323.6160322254323,99.59547670371651,0.02598301081595909,0.002547063197424204,-1.8590368924362062,0.0008648888883938993,201.9533264219876,0.6256421152097791,0.14514520057482475,117.30625915527344,5636.146725893021,257,104
32,2945.6236621336147,0.14933036084729187,1,19725.55108968006,0.09871116685579646,2945.6236621336147,646.4938043994248,299.12985773419024,323.2469021997124,99.70995257806341,0.0260288065987595,0.0025464841259490584,-1.8588015171393062,0.0004670399997327056,201.8450923280921,0.486150053313007,0.11447621073188056,141.5133728981018,5781.453299999237,269,108
33,2945.146642816516,0.14929041374934707,1,19727.63400442647,0.09875040638549086,2945.146642816516,645.5039003180672,299.6427424984486,322.7519501590336,99.88091416614954,0.026097963183592813,0.0025457060539374188,-1.858601876068953,0.0007005599995990584,201.74829233897339,0.6741137992644815,0.1709623382399463,85.0085551738739,5869.881947994232,275,110
34,2944.6266837729963,0.14930521573354236,1,19722.19570030377,0.09876885560097644,2944.6266837729963,644.6496142248402,299.977069548156,322.3248071124201,99.99235651605201,0.0261113398157237,0.0025452240447870894,-1.8582922633666694,0.0010508399993985876,201.61749485399022,0.5584051447700237,0.11339319193708346,84.87416696548462,5958.127267837524,281,112
35,2944.2243160429753,0.14923937199945034,1,19728.20092042346,0.09881309180018037,2944.2243160429753,643.6519168356463,300.57239920732917,321.82595841782313,100.1907997357764,0.0261963004550241,0.0025443706450139353,-1.8581440240298914,0.0005674535996752372,201.55598710834903,0.7072402852784626,0.1984432197243831,140.356684923172,6101.594750881195,293,116
36,2943.736244957266,0.14925225889032273,1,19723.22741942858,0.09883878256810107,2943.736244957266,642.759058952,300.97718600526616,321.379529476,100.32572866842204,0.026248910157140922,0.002543782012528681,-1.8577383126770703,0.0008511803995128557,201.4085379477147,0.5945375237061234,0.13502744698030497,87.53708291053772,6192.643157958984,299,118
37,2943.2185615406866,0.14926477697340892,1,19718.105109720644,0.09884421918060379,2943.2185615406866,641.9993035038871,301.21925803679954,320.99965175194353,100.40641934559984,0.026271449498969503,0.002543452886246675,-1.8575801199960469,0.0012767705992692835,201.32289573269878,0.49997475310248585,0.09002809874521553,84.44644713401794,6280.697066068649,305,120
38,2942.7776387984854,0.14919410220994017,1,19724.490413552157,0.09887622460077111,2942.7776387984854,641.0804880772391,301.6971507212463,320.54024403861956,100.5657169070821,0.026339098468484173,0.0025427596818159565,-1.8576251684315133,0.000689456123605413,201.30475206274141,0.6286433942957602,0.15929856329400718,141.99485206604004,6426.239372730255,317,124
39,2942.2864041539706,0.1491863372853782,1,19722.224284692224,0.09890031052749525,2942.2864041539706,640.2413848953596,302.0450192586108,320.1206924476798,100.6816730862036,0.02622969142955782,0.0025422035238911456,-1.857400411564156,0.0006205105112448716,201.19806332384982,0.540547594836732,0.11596349105977742,111.2531840801239,6541.276465892792,326,127
40,2942.0273956195224,0.14918431261464365,1,19720.7557822721,0.0989194857152966,2942.0273956195224,639.7104209273973,302.31697469212526,319.85521046369865,100.77232489737509,0.025504474175325125,0.0025417957918502515,-1.857165302579293,0.00033507567607223064,201.11777084029632,0.36042988795607905,0.09065183933850798,114.33741211891174,6659.000108718872,335,130
41,2941.641058343915,0.14914918043024944,1,19722.810744639606,0.09894802900822113,2941.641058343915,638.9166470514942,302.7244112924208,319.4583235257471,100.90813709747361,0.02556325444472003,0.002541185460438966,-1.8570304354527525,0.000502613514108346,201.0538519702432,0.539398465445894,0.1358122199349664,79.12831115722656,6741.5570249557495,341,132
42,2941.2681051601826,0.14914681835449206,1,19720.622522227583,0.09896886660071148,2941.2681051601826,638.2462387908173,303.0218663693654,319.12311939540865,101.00728878978846,0.02560564183700758,0.0025407151942043876,-1.8567992392477706,0.0004523521626975114,200.95870498574118,0.4388863810955429,0.09915328540945904,112.11809992790222,6857.067505836487,350,135
43,2940.83797076469,0.14911251598584593,1,19722.27449400586,0.09899743631424704,2940.83797076469,637.3713867255746,303.4665840391153,318.6856933627873,101.15552801303842,0.025669787427356285,0.0025400636330291104,-1.856648946904082,0.0006785282440462671,200.88924209511885,0.5979282417978683,0.14824193423818735,77.47563982009888,6938.07320690155,356,137
44,2940.361443522046,0.14910381478661927,1,19720.229477226745,0.09901883649651531,2940.361443522046,636.5721201068661,303.78932341518,318.28606005343306,101.26310780506,0.025715508405338112,0.0025395393922572618,-1.856468943692666,0.0006106754196416403,200.79400288812732,0.5146225830901541,0.10759484541315043,105.89466428756714,7047.473870754242,365,140
45,2939.9813929832694,0.1490608671538613,1,19723.361665061344,0.09905417329242802,2939.9813929832694,635.6747813397026,304.30661164356695,317.8373906698513,101.43553721452233,0.02577965349155399,0.0025387893863427213,-1.8562796155680572,0.0005496078776774763,200.72266054041793,0.6343325657827851,0.17242940946233493,88.72688388824463,7138.814540863037,374,143
46,2939.528371739968,0.1490716739244119,1,19718.8928946386,0.09907264099438248,2939.528371739968,634.8746381882628,304.65373355170505,317.4373190941314,101.551244517235,0.025827963895490597,0.0025382726721192017,-1.855975594829196,0.0008244118165162144,200.60486818974218,0.5329071909411178,0.11596726568081282,67.39874601364136,7209.030401706696,380,145
47,2939.166616498693,0.14905439927936193,1,19718.75121236794,0.09909134683966296,2939.166616498693,634.2364891570265,304.93012734166655,317.11824457851327,101.64337578055552,0.025730623977805525,0.0025378246749660355,-1.8558829909916206,0.00044518238091875576,200.5432952322808,0.4176912899458489,0.09213463826958297,110.31772637367249,7322.181761026382,392,149
48,2938.7456436067314,0.14902165062866712,1,19720.259648240724,0.09911706475878974,2938.7456436067314,633.4020621134204,305.343581493311,316.7010310567102,101.78119383110366,0.025792060233840158,0.002537206501312339,-1.855782577873778,0.0006677735713781336,200.4809360028722,0.5696225586753629,0.13782372561399095,63.79727602005005,7388.953592777252,398,151
49,2938.498163076349,0.14901885553182248,1,19718.968801561106,0.09913872263349134,2938.498163076349,632.8321968838693,305.6659661924798,316.41609844193465,101.88865539749327,0.025842421591101786,0.002536730925932623,-1.855524004609153,0.00036059772854419214,200.39520017253415,0.4024195397001729,0.10746159379010041,109.33051800727844,7500.896813869476,410,155
50,2938.129471066547,0.1489824064976958,1,19721.318376690262,0.09917108633567147,2938.129471066547,631.9816014370102,306.1478696295368,315.9908007185051,102.04928987651226,0.025918577677862792,0.002536018506086035,-1.8553600646139783,0.0005408965928162882,200.32300374093276,0.6016870970566577,0.1606346317850976,65.38451218605042,7569.021662950516,416,157
51,2937.6907542955814,0.14899256228967034,1,19717.02955604014,0.09918720794635054,2937.6907542955814,631.2215139556857,306.469240339896,315.61075697784287,102.15641344663199,0.02596477819292079,0.002535524585436988,-1.8551215341053773,0.0008113448892244322,200.21511926537104,0.5065396453531804,0.1075009925446468,66.781818151474,7638.5573308467865,422,159
52,2937.3518415569024,0.14894931877782963,1,19720.478520201952,0.09921823577912693,2937.3518415569024,630.3552737812387,306.9965677756638,315.17763689061934,102.33218925855459,0.025708496805744233,0.0025347782765770266,-1.855007614466603,0.000730210400301989,200.16136396938523,0.6356404976001321,0.17577730770792138,88.39655232429504,7730.112674713135,431,162
53,2936.9486025317306,0.14894596546903063,1,19718.21521504986,0.09924138211492357,2936.9486025317306,629.5671215506078,307.3814809811227,314.7835607753039,102.46049366037424,0.025325200391758198,0.0025341841986255553,-1.8547833326006573,0.00065718936027179,200.0579258088091,0.537884933815272,0.12831208593768204,90.1927969455719,7823.141893863678,440,165
54,2936.7056196405106,0.14894046213913067,1,19717.3123908883,0.09926197032995282,2936.7056196405106,629.0232695406287,307.6823500998819,314.51163477031434,102.56078336662729,0.02537332467151384,0.002533724925295411,-1.8545967169605608,0.0003548822545467666,199.98075889156306,0.38213076672954077,0.10028979458824648,111.14031910896301,7936.93758893013,452,169
55,2936.3428741678754,0.14890406172909823,1,19719.69629350995,0.0992933762032573,2936.3428741678754,628.2087941626452,308.1340800052303,314.1043970813226,102.71136000174344,0.025361923691915703,0.0025330334147454087,-1.8545058592226769,0.0005323233818201498,199.91212726903498,0.5725435933511626,0.15057689933369375,67.66650295257568,8007.355771780014,458,171
56,2936.0716213336555,0.1488754105591369,1,19721.669349602747,0.09933450308331315,2936.0716213336555,627.2640289436873,308.80759238996836,313.63201447184366,102.93586412998945,0.025425133772599307,0.002532105431968204,-1.8541979863574496,0.0007984850727302248,199.807435473603,0.7377227461322367,0.22450493096962126,68.02159118652344,8078.1770939826965,464,173
57,2935.8509347922545,0.1488775971151127,1,19719.897363216063,0.09937053438760231,2935.8509347922545,626.5227985924695,309.32813619978486,313.26139929623474,103.10937873326162,0.025612350517916133,0.002531349119070353,-1.853788321292278,0.0004311819392743214,199.670335297551,0.5680293397229781,0.17351460463597862,113.86579990386963,8194.691124916077,476,177
58,inf,0.14883941598952244,0,19723.3715470266,0.09942283423965954,2935.6151024038027,625.5107233716108,310.1043790321916,312.7553616858054,103.36812634406387,0.025738628944954874,0.002530248749054498,-1.8534857349245593,0.0006467729089114821,199.5502276296635,0.8105937936127589,0.2587476783845173,69.16282987594604,8266.887886762619,482,179
59,inf,0.14879161887102077,0,19729.38861753269,0.09950290484873703,2935.5676717381793,624.2680699319619,311.2996018062177,312.13403496598096,103.7665339354059,0.02594303879100036,0.00252859188282413,-1.852946864126299,0.0005820956180203338,199.3758891440842,1.1306310858300688,0.3984075913420315,69.13581800460815,8338.796785831451,488,181
60,2937.43008663176,0.14840718229534977,1,19793.045331093803,0.09985076979880156,2937.43008663176,620.627604370927,316.80248226083313,310.3138021854635,105.60082742027771,0.02693252766099902,0.0025219410773113654,-1.8527562543059826,0.0008731434270305007,199.10898016671734,4.868580925410596,1.8342934848718078,81.02095580101013,8422.827340841293,494,183
61,2940.3600809344,0.14824253263913056,1,19834.793892061807,0.10039001652186633,2940.3600809344,615.3900246520873,324.9700562823126,307.69501232604364,108.32335209410421,0.026119276692889375,0.0025116363402934716,-1.852687482002439,0.0007858290843274507,197.94944768636307,7.192747695216706,2.7226345623364785,82.76899027824402,8508.453872919083,500,185
62,2945.0537919040544,0.14811328894089765,1,19883.791744569477,0.10115731334311528,2945.0537919040544,608.1459477952353,336.907844108819,304.07297389761766,112.30261470293966,0.02960623233077257,0.0024962172727658744,-1.8516830529370478,0.001178743626491176,196.1519979844056,10.36963673614207,3.979828681369503,83.69860005378723,8595.34263086319,506,187
63,2947.0046057478085,0.14910236600243787,1,19764.97546457193,0.101487003488778,2947.0046057478085,604.4199064186782,342.58469932913044,302.2099532093391,114.19489977637681,0.02867013853653168,0.0024882463559503104,-1.8430064889171751,0.0017681154397367642,193.59433172232093,4.973455154799041,1.8925335612250338,80.38616490364075,8678.482768774033,512,189
64,1473.763776644261,0.14960292693814214,2,19702.33880856667,0.10158493658032673,2947.527553288522,603.077206911645,344.4503463768772,301.5386034558225,114.81678212562572,0.028115565489781145,0.0024854254923098312,-1.8386887317343585,0.0026521731596051462,192.49521144147485,1.7305786469578923,0.6224616510277163,82.37202572822571,8763.73105096817,518,191
65,1473.9046757223132,0.14967920068414906,2,19694.18154273186,0.10165583091390396,2947.8093514446264,602.044650776096,345.7647006685303,301.022325388048,115.25490022284343,0.028386947887018402,0.002483290751827294,-1.8377502255364684,0.0023869558436446317,192.16867464182718,1.270307308188265,0.4384903923335905,94.30298614501953,8861.031744003296,527,194
66,2947.890831705103,0.14972507169108323,1,19688.692070138193,0.10170859652579398,2947.890831705103,601.178512747633,346.7123189574701,300.5892563738165,115.57077298582337,0.028591356670025273,0.0024816835007065857,-1.8372918385405999,0.0021482602592801684,191.93228383431983,0.9598102958184694,0.3162426098526898,93.79009008407593,8957.54453587532,536,197
67,2948.282476583127,0.1497179446020418,1,19692.245204272724,0.10177744575865788,2948.282476583127,600.1641046867029,348.11837189642415,300.08205234335145,116.03945729880805,0.028154442358201706,0.0024794974826619354,-1.837113343904871,0.0032223903889202527,191.75634074261782,1.371958450251936,0.4691405263621681,69.29656720161438,9029.822841882706,542,199
68,2949.1613992204875,0.14970993473135058,1,19699.16962767139,0.10187571474708049,2949.1613992204875,598.9631367860437,350.1982624344435,299.48156839302186,116.7327541448145,0.02841788266779098,0.002476224531506213,-1.836861229777179,0.004833585583380379,191.52676152959754,1.998974637987528,0.693762035584509,70.19674396514893,9102.169267892838,548,201
69,2950.778543691901,0.14970305561248845,1,19710.87718697001,0.10202104296657714,2950.778543691901,597.5107102015983,353.2678334903029,298.75535510079914,117.75594449676764,0.028776928103736384,0.002471426407118532,-1.8365537959917275,0.007250378375070568,191.19906771938145,2.923584248381742,1.0237318878878774,79.63282203674316,9184.512079954147,554,203
70,inf,0.14874701077597166,0,19900.85264706927,0.10289062873216652,2960.192343144637,590.5548629079753,369.63748023666176,295.2774314539877,123.2124934122206,0.03235416314971014,0.002445503994759096,-1.841781258159801,0.003915204322538106,190.71446688807836,13.857813174332142,5.456548915452973,140.01742506027222,9327.341540813446,566,207
71,2971.273483483181,0.1490265109936841,1,19937.885304240306,0.10387655113293036,2971.273483483181,583.3237481480653,387.9497353351154,291.66187407403265,129.31657844503846,0.03062557366723454,0.0024070372542535218,-1.8417310422955124,0.005872806483807159,187.81519971149973,14.999999198722268,6.113052145239763,123.69242024421692,9453.906745910645,572,209
72,2979.46644271591,0.1501314115748892,1,19845.723233140183,0.10449507652736488,2979.46644271591,579.5766129479582,399.8898297679518,289.7883064739791,133.29660992265062,0.03297016573757321,0.002377762644302936,-1.8355560220973643,0.008809209725710738,184.5272999490262,9.568974820677546,3.9985355991806886,108.38728499412537,9565.553263902664,578,211
73,2991.867936027692,0.1500099081215728,1,19944.468825372434,0.10542268986563746,2991.867936027692,574.3918093327567,417.4761266949355,287.19590466637834,139.15870889831183,0.034693246280651464,0.0023320932848262116,-1.837663467709193,0.013213814588566106,182.46417772634234,13.83802314033101,5.934221590641799,113.99058794975281,9682.01121211052,584,213
74,inf,0.1511788385596954,0,19829.791142044007,0.10591515091124667,2997.844793735549,571.8583409367435,425.98645279880543,285.92917046837175,141.99548426626848,0.03491584851838626,0.0023077590877872978,-1.8295188624228287,0.01982072188284916,179.3699126882223,6.6627214346641415,2.8698687050336895,137.7338831424713,9822.573415994644,590,215
75,1506.233455549058,0.15052417077325086,2,20013.177256668543,0.10703318386466094,3012.466911098116,566.6538887745971,445.81302232351845,283.32694438729857,148.60434077450614,0.03245991191722078,0.0022619893932356583,-1.8374588760290893,0.029731082824273742,177.7271840250431,14.999999806720481,6.702748340317654,102.8029248714447,9928.710781812668,594,217
76,1514.1569357519625,0.15112169393748778,2,20038.90899182616,0.10822099992733053,3028.313871503925,562.8565816686872,465.45728983523793,281.4282908343436,155.15242994507932,0.03485889488755439,0.002220371241505509,-1.8424521580285464,0.044596624236410615,173.9984336061649,14.999996587243118,6.753192557827806,100.57564115524292,10032.297277927399,598,219
77,3044.7365782939014,0.15192367298332599,1,20041.225429219772,0.10939987723144672,3044.7365782939014,561.450443786663,483.2861345072383,280.7252218933315,161.09537816907942,0.033951035179531394,0.0021881274025840475,-1.8568296624459495,0.06689493635461592,170.0376860338907,14.999993620358659,6.403639375007592,90.2861590385437,10125.730964899063,602,221
78,inf,0.15270615110090124,0,20051.03182837328,0.11059773629749657,3061.9158961125504,562.0447894557987,499.87110665675164,281.0223947278993,166.6237022189172,0.029993579112630984,0.0021532585220034872,-1.854198524256156,0.10034240453192389,166.10765666070566,14.999999839693887,6.335074110803519,103.34517812728882,10231.949839830399,608,223
79,3067.684602930633,0.15447401671100983,1,19858.903576448465,0.11118155499056735,3067.684602930633,567.0683313135581,500.616271617075,283.53416565677907,166.87209053902498,0.028002525926214977,0.002148752559385611,-1.8421347536849046,0.15051360679788583,162.11399056220068,8.627877669205644,4.169044149065842,102.38126516342163,10337.05478978157,614,225
80,3082.0223939762304,0.15489207974373287,1,19897.869530032785,0.11190372885372236,3082.0223939762304,570.0564949233669,511.9658990528634,285.02824746168346,170.6552996842878,0.02659182453439539,0.0021271437117892505,-1.8393887816886105,0.21834971057251096,160.16856412672692,14.99999953846795,6.753150096807723,127.07282876968384,10467.270120859146,620,227
81,1032.3653432621595,0.15347471939764393,3,20179.844875702856,0.11353989961651006,3097.0960297864785,572.4277220858204,524.6683077006584,286.2138610429102,174.88943590021947,0.023211045457478735,0.002101471645508446,-1.8461350888574932,0.21171655179932714,157.76041892862645,14.999996821748958,6.820934622913445,114.49081802368164,10584.605715036392,626,229
82,3106.811481918738,0.1553022104731179,1,20004.940512141085,0.11470631809083673,3106.811481918738,576.5007843180628,530.3106976006754,288.2503921590314,176.7702325335585,0.025319961713902443,0.0021023797244119347,-1.837640758963734,0.2430565981194377,152.30746786215963,11.48960739596215,5.367872061465529,126.94427490234375,10714.58696603775,632,231
83,1558.0518061625712,0.15744699096070597,2,19791.445954675808,0.11522467171879146,3116.1036123251424,574.6044525135759,541.4991598115664,287.30222625678795,180.49971993718881,0.023917250069112245,0.002084989532436049,-1.8273111745636803,0.09531669432297347,148.42198164521528,9.086823351957438,3.955897483043424,186.95739793777466,10904.403964996338,644,235
84,1561.2089777006213,0.15808635282378608,2,19751.344120650974,0.1156452185752524,3122.4179554012426,575.5190475534876,546.8989078477549,287.7595237767438,182.29963594925164,0.02439401431942671,0.0020891940839230377,-1.8218907616818283,0.14297504148446022,146.69374398041145,7.15751297366765,3.1797422779552362,121.12615609169006,11028.542953968048,650,237
85,1563.513937748463,0.15901829704092085,2,19664.579068484392,0.11580357191043461,3127.027875496926,573.6088017225263,553.4190737743995,286.80440086126316,184.4730245914665,0.02391116752628447,0.002082442406993068,-1.8160158442419032,0.04632391344096511,145.29354372185782,5.220799321046385,2.270178622283605,238.61409401893616,11269.674558877945,665,242
86,1040.4372246174132,0.15884193720469017,3,19650.42562928448,0.11596933600741305,3121.31167385224,575.6212171147562,545.6904567374836,287.8106085573781,181.89681891249455,0.022587665139506795,0.0020966327905790894,-1.814772983657739,0.041691522096868605,144.76554294282874,5.306325308473283,2.578072086694768,143.5158190727234,11415.966042757034,674,245
87,3126.6555018477034,0.15919002509040991,1,19641.02650321187,0.11608403682095104,3126.6555018477034,573.6003312062813,553.055170641422,286.80016560314067,184.35172354714067,0.023964242413081104,0.0020856790938553055,-1.8132005764619379,0.037522369887181745,144.2147141890057,5.775414740339497,2.5098212860220186,120.72143602371216,11539.499740839005,680,247
88,519.2309298800832,0.15884057733686527,6,19613.28541807969,0.11619120062897059,3115.385579280499,576.8424537204799,538.5431255600191,288.4212268602399,179.51437518667305,0.023008230303133502,0.002110346294038612,-1.8130058319603175,0.020262079739078138,143.83168384752028,10.22832275383093,4.838122580398029,110.01112484931946,11652.373784780502,689,250
89,1560.8241350622948,0.15892442396278803,2,19642.344406769847,0.11635261700779699,3121.6482701245895,573.8364116194439,547.8118585051457,286.91820580972194,182.60395283504857,0.022734611332123233,0.0020958806415772857,-1.8138660662253874,0.03039311960861721,143.47708287079493,6.897146965517811,3.1189854178600744,116.46275091171265,11771.474235773087,695,252
90,519.1393830479121,0.15888267780000903,6,19604.631174508664,0.11645662754186312,3114.836298287473,575.6357240617033,539.2005742257695,287.81786203085164,179.73352474192316,0.022074257948551033,0.0021122561879695356,-1.8125928364046109,0.027353807647755485,142.9380848609094,6.114647182182401,2.8704280931254362,84.70384907722473,11859.016199827194,701,254
91,520.3523547317243,0.1591971329566449,6,19611.62283770908,0.11654414512483419,3122.1141283903457,572.7321917850003,549.3819366053456,286.36609589250014,183.12731220178185,0.023602476486074508,0.0020969320052037638,-1.8116522655110474,0.04103071147163323,142.5932447622599,7.533321222113947,3.4203417778026624,96.99745202064514,11958.953944921494,707,256
92,777.01811272735,0.15871273631462207,4,19583.005895306058,0.11665563177693036,3108.0724509094,578.3719607798456,529.7004901295539,289.1859803899228,176.56683004318464,0.023405424599411657,0.0021371493465614927,-1.8123291186910235,0.061546067207449845,142.30030533191103,13.569215265375027,6.560482158597189,73.85977792739868,12035.76417684555,713,258
93,623.0568054138419,0.158648843457604,5,19636.34880138103,0.1169120231005457,3115.284027069209,576.67636661593,538.6076604532791,288.338183307965,179.53588681775972,0.021684731435837577,0.0021285413540999276,-1.81492507188475,0.09231910081117477,141.93303395180575,7.365748897967376,3.2782002305590994,142.9083890914917,12181.611177921295,719,260
94,777.7573650710716,0.15898152590817224,4,19568.496669740216,0.11706520361079134,3111.0294602842864,581.1364748664467,529.8929854178396,290.5682374332234,176.63099513927983,0.022700228604743702,0.002162363642202847,-1.8113392778139075,0.13847865121676214,141.07825911334393,5.690686789050132,3.090440931620778,87.62607717514038,12272.030290842056,725,262
95,778.6754897116632,0.15921161428122854,4,19563.28357644122,0.117189217256676,3114.701958846653,578.8452752133641,535.8566836332885,289.42263760668203,178.6188945444295,0.022657026810802606,0.0021522968744840804,-1.8109355022236555,0.026920249796538558,140.5717898280142,4.512759113435655,1.9900864021324445,210.32468581199646,12485.202853918076,740,267
