it,mean_B,ppm,iron_kg,cost,J,w,kappa,f,c,modes,moved_kg,ok,dt
0,0.12387223195504071,562834.3540298624,0.0,0.0,59.32906091569957,1000.0,0.1,0.059329060915699575,0.0,0.2435622579205631,0.0,False,3.336710214614868
1,0.13083053263689745,467201.24987097865,2.999996776004562,5.999993552009124,57.42965164334515,1500.0,0.18619246361777186,0.03828607697877078,0.000536175188977769,0.19533167668766374,2.999996776004562,False,87.87320494651794
2,0.13603641759768653,639176.0396800986,3.9738795484103124,7.947759096820625,65.96036441065877,2250.0,0.005397845059633255,0.02931540185689906,0.0007102326358768564,0.17046295853575727,2.999997409254162,False,116.20980095863342
3,0.13924598544996464,661939.0075221428,5.918525236003648,11.837050472007297,71.51260759062586,3375.0,0.008096767589449883,0.02118860734835362,0.001057789932397956,0.1443659461041567,2.9999978246304386,False,106.31411933898926
4,0.14140638457975324,616043.3170407951,7.743452383981704,15.486904767963408,89.29867116705698,5062.5,0.011760505847632885,0.017638970314381153,0.0013839505023906175,0.13184552998315027,2.9999923940293582,False,95.95210123062134
5,0.14355258704383567,522892.0988723845,9.663467957374127,19.326935914748255,113.3788698576333,7593.75,0.007607265841215849,0.014930323325347534,0.0017271057754689432,0.12147360713981044,2.9999975635445852,False,65.20047879219055
6,0.14625628215532835,420657.6130728105,12.173773836831101,24.347547673662202,128.45418203842362,11390.625,0.005007434170693159,0.011276993692408411,0.0021757608340595134,0.10554855606100813,2.9999900622820412,False,64.29191875457764
7,0.14880980457035686,407240.2081738401,14.969755105929679,29.939510211859357,138.84255697846868,17085.9375,0.004413866903632879,0.008125973860384843,0.002675473299528827,0.08946921550898292,2.9999980444304217,False,76.24333310127258
8,0.15127250639176784,401073.7547298086,17.90732426799798,35.81464853599596,142.49464970744512,25628.90625,0.003972235601395369,0.005559794391005189,0.0032004910972829015,0.07375391203228912,2.999995233036657,False,114.34206318855286
9,0.15351067918493935,374836.28903229925,20.88559696014923,41.77119392029846,138.69828438199488,38443.359375,0.0037910635583102703,0.003607763573558692,0.0037327836438329908,0.05892790339584964,2.99999872682019,False,87.61956000328064
10,0.15549021611798833,343635.03897360776,23.8385432979514,47.6770865959028,134.0335403998247,57665.0390625,0.003795923665165901,0.0023242727661178966,0.00426054973124224,0.046361803990858534,2.999999349726064,False,107.5612862110138
11,0.15727670820418593,320062.2129551466,26.71866862206847,53.43733724413694,137.25101468352958,86497.55859375,0.0039755855686962605,0.001586706510726675,0.004775300864406719,0.03679884542447941,2.9999990443016475,False,78.06191897392273
12,0.15851203429294092,289226.5418566318,29.493727658489444,58.98745531697889,141.2783631225639,129746.337890625,0.004251728765666485,0.0010888406882640289,0.005271273998504252,0.02729216677162946,2.99999826587927,False,154.1726610660553
13,0.15883557785225108,271582.8124786921,32.17403114474047,64.34806228948094,150.8929098140442,194619.5068359375,0.005221035797148943,0.000775293093458088,0.005750311922729085,0.014858746640266934,2.9999994529395657,False,83.28779077529907
