,hframe_thin,hframe_medium,hframe_thick,noise0,noise1,noise2,noise3,noise4,noise5,noise6,noise7
hframe_thin,1.000,0.463,0.094,0.005,0.055,0.037,0.025,0.042,0.044,0.000,0.089
hframe_medium,0.463,1.000,0.270,0.004,0.041,0.038,0.019,0.022,0.027,0.002,0.128
hframe_thick,0.094,0.270,1.000,0.003,0.059,0.035,0.020,0.024,0.017,0.034,0.158
noise0,0.005,0.004,0.003,1.000,0.109,0.090,0.018,0.122,0.192,0.070,0.047
noise1,0.055,0.041,0.059,0.109,1.000,0.044,0.063,0.099,0.091,0.094,0.090
noise2,0.037,0.038,0.035,0.090,0.044,1.000,0.035,0.115,0.140,0.066,0.063
noise3,0.025,0.019,0.020,0.018,0.063,0.035,1.000,0.027,0.019,0.053,0.072
noise4,0.042,0.022,0.024,0.122,0.099,0.115,0.027,1.000,0.117,0.062,0.037
noise5,0.044,0.027,0.017,0.192,0.091,0.140,0.019,0.117,1.000,0.036,0.051
noise6,0.000,0.002,0.034,0.070,0.094,0.066,0.053,0.062,0.036,1.000,0.074
noise7,0.089,0.128,0.158,0.047,0.090,0.063,0.072,0.037,0.051,0.074,1.000
