run,init,F,cost,N_green,iron_kg,ferrite_kg,iterations,stop_reason
hframe_thin,hframe:thin,2922.840562807154,2922.840562807154,1,257.2617556408828,136.10568384179624,101,time budget
hframe_medium,hframe:medium,778.6754897116632,3114.701958846653,4,289.42263760668203,178.6188945444295,95,time budget
hframe_thick,hframe:thick,853.7477513399028,3414.9910053596113,4,317.6060917887401,259.9262739273771,98,time budget
noise0,noise:0,4477.4433712946975,4477.4433712946975,1,458.1766555218392,520.3633534170064,67,no descent step
noise1,noise:1,2065.526330754457,4131.052661508914,2,278.78205639376466,524.4961829071282,99,no descent step
noise2,noise:2,13.412112015672347,4935.657221767424,368,559.7821888726603,605.3642813407012,121,converged
noise3,noise:3,2048.2760276917284,4096.552055383457,2,432.61462546174005,410.4409348199922,90,no descent step
noise4,noise:4,2316.4027005007947,4632.805401001589,2,537.5680408339305,519.223106444576,137,time budget
noise5,noise:5,2115.8459698334705,4231.691939666941,2,445.1096373078096,447.15755501710726,64,no descent step
noise6,noise:6,5021.761503851842,5021.761503851842,1,635.1621883257892,583.8123757334209,86,no descent step
noise7,noise:7,10.90086108237123,4796.378876243341,440,658.7712668079349,492.9454475424907,87,no descent step
