it,mean_B,ppm,iron_kg,ferrite_kg,cost,cost_fe,cost_f,demag_frac,J,w,kappa,f,c,modes,moved_fe_kg,moved_f_kg,ok,dt,elapsed_s,solves,tries
0,0.07139260433928654,577801.3955914874,361.6610540571066,44.018551649063,15855.377763061402,723.3221081142132,132.055654947189,0.12157298855906187,308.8486834005901,1000.0,0.1,0.30875485382342166,0.08000390611982997,0.5556532559669338,0.0,0.0,False,13.68369197845459,13.883975982666016,1,0
1,0.07205229962864435,565967.1265202895,363.26943487470186,44.80973369350427,15860.968070829917,726.5388697494037,134.42920108051283,0.12030359028737378,456.2400408134614,1500.0,0.0,0.3040942877980271,0.08052677037607679,0.5514436101302447,2.9999999319488593,0.9320837275353349,False,16.880513906478882,33.305651903152466,4,1
2,0.07244473117660576,564235.3472423624,363.20360643957906,45.51966845978472,15862.966218258513,726.4072128791581,136.55900537935415,0.12474557290216616,678.1803541479989,2250.0,0.0012177759781479836,0.3013686416067588,0.08071365809539137,0.5489666996041506,1.5000394396206909,0.709934766276496,False,17.263099193572998,52.37205910682678,7,2
3,0.07304934587545507,562519.4215877746,363.17347478023174,46.21623006428232,15864.99563975331,726.3469495604635,138.64869019284697,0.1105386376879738,1003.3357299133377,3375.0,0.0013098372146487236,0.2972539220204746,0.08090347089361787,0.5452061009143901,1.5000587689216887,0.6965616045079795,False,19.53274393081665,73.38193607330322,10,3
4,0.07364773030935794,560649.4735971023,363.12271131262236,46.922082226161066,15867.011669303727,726.2454226252447,140.76624667848318,0.10184336314782573,1484.4699285323543,5062.5,0.0013466784730553627,0.2932074911223999,0.08109203113664913,0.5414824462064892,1.5000784265287235,0.7058521618770615,False,20.10122323036194,94.90507411956787,13,4
5,0.07420640438820637,558677.5283187216,362.9903422588498,47.61901917431939,15868.837742040658,725.9806845176996,142.85705752295817,0.08276642574838579,2198.1330704194947,7593.75,0.001348803285509348,0.2894516360704755,0.08126282462476887,0.538003130053402,1.5001172239126725,0.6969369481637123,False,21.233165740966797,117.75614786148071,16,5
6,0.07475689462588521,556597.1514670617,362.84724296708146,48.30811343576147,15870.618826241447,725.6944859341629,144.9243403072844,0.08229325266436081,3255.2317263052996,11390.625,0.001355406828224659,0.2857718559146959,0.08142941031280627,0.5345723289280766,1.5001744477113772,0.689094261465874,False,19.60545778274536,139.00162291526794,19,6
7,0.07530546254236849,554556.5737802059,362.6966678412839,48.99430827145453,15872.37626049693,725.3933356825678,146.98292481436357,0.08372981124175034,4820.5225648557425,17085.9375,0.0013587973080575466,0.2821272846780865,0.08159378400973791,0.5311525135764348,1.5002486396186727,0.6861948356545953,False,20.612409114837646,161.43202996253967,22,7
8,0.07585512142868954,553007.3971867905,362.50025718753477,49.68968800761803,15874.069578397924,725.0005143750695,149.0690640228541,0.06692264933067776,7137.890207735415,25628.90625,0.001380495261400938,0.27850487261139456,0.0817521608722567,0.5277315269552163,1.500358239434582,0.6953797361720933,False,21.446566104888916,184.6544108390808,25,8
